No,MMDCE_Name,District_Assembly,Assembly_Type,Region
1,Joseph Akparbo,Asunafo North Municipal,Municipal,AHAFO REGION
2,Benjamin Yerka,Asunafo South District,District,AHAFO REGION
3,Dauda Hafiz Debel,Asutifi North District,District,AHAFO REGION
4,Assabil Dorko Benjamin,Asutifi South District,District,AHAFO REGION
5,Sampson Pius Opoku,Tano North Municipal,Municipal,AHAFO REGION
6,Emmanuel Kwame Frimpong,Tano South Municipal,Municipal,AHAFO REGION
1,Richard Ofori-Agyeman Boadi,Kumasi Metropolitan,Metropolitan,ASHANTI REGION
2,Charles Kofi Ogbeh,Adansi North District,District,ASHANTI REGION
3,Oheneba Kobena Andoh,Adansi South District,District,ASHANTI REGION
4,Pearl Patricia Ankrah,Afigya Kwabre South District,District,ASHANTI REGION
5,Akwesi Adusei,Ahafo Ano North Municipal,Municipal,ASHANTI REGION
6,Abubakar Sedik,Ahafo Ano South West District,District,ASHANTI REGION
7,Emmanuel Obeng Agyemang,Amansie Central District,District,ASHANTI REGION
8,Manu Prince Morris,Amansie West District,District,ASHANTI REGION
9,Ebenezer Ekow Aidoo,Asante Akim Central Municipal,Municipal,ASHANTI REGION
10,Sarah Amoakoaa,Asante Akim North District,District,ASHANTI REGION
11,Maame Sarfoah Appiah,Asante Akim South Municipal,Municipal,ASHANTI REGION
12,Ben Abdallah Alhassan,Asokore Mampong Municipal,Municipal,ASHANTI REGION
13,Grace Agyemang Asamoah,Atwima Kwanwoma District,District,ASHANTI REGION
14,Isshaq Ibrahim,Atwima Mponua District,District,ASHANTI REGION
15,Wisdom Osei Boamah,Atwima Nwabiagya Municipal,Municipal,ASHANTI REGION
16,Salifu Issaka,Bekwai Municipal,Municipal,ASHANTI REGION
17,Charles Appiah Kannin,Bosome Freho District,District,ASHANTI REGION
18,Abdullah Hamidu,Bosomtwe District,District,ASHANTI REGION
19,Jerryne Asante,Ejisu Municipal,Municipal,ASHANTI REGION
20,Rafiu Adam Seidu,Ejura Sekyedumase Municipal,Municipal,ASHANTI REGION
21,Joseph Amankwa,Kwabre East Municipal,Municipal,ASHANTI REGION
22,Yakubu Yussif,Mampong Municipal,Municipal,ASHANTI REGION
23,Faustilove Appiah Kannin,Obuasi Municipal,Municipal,ASHANTI REGION
24,Frank Owusu Amoah,Offinso Municipal,Municipal,ASHANTI REGION
25,Caesar Acheampong Ofosu,Offinso North District,District,ASHANTI REGION
26,Abubakar Issaka,Sekyere Afram Plains District,District,ASHANTI REGION
27,Samuel Somuah,Sekyere Central District,District,ASHANTI REGION
28,Ibrahim Adams,Sekyere East District,District,ASHANTI REGION
29,Kwesi Amankwaa,Sekyere Kumawu District,District,ASHANTI REGION
30,Evans Amoah Twumasi,Sekyere South Municipal,Municipal,ASHANTI REGION
31,Anwel Sadat Ahmed,Oforikrom Municipal,Municipal,ASHANTI REGION
32,Eric Asibey,Kwadaso Municipal,Municipal,ASHANTI REGION
33,Abubakar Sidiq,Old Tafo Municipal,Municipal,ASHANTI REGION
34,Amoah Kemel,Asokwa Municipal,Municipal,ASHANTI REGION
35,Owusu Ansah Frank,Suame Municipal,Municipal,ASHANTI REGION
36,Eunice Ohenewaa Ansu,Juaben Municipal,Municipal,ASHANTI REGION
37,Ibrahim Yamba Nelson Issaka,Ahafo Ano South East District,District,ASHANTI REGION
38,Benjamin Marfo,Amansie South District,District,ASHANTI REGION
39,Mba Zechariah Alenbilla,Atwima Nwabiagya North Municipal,Municipal,ASHANTI REGION
40,Garba Mohammed Mustaha,Akrofuom District,District,ASHANTI REGION
41,Albert Dakurah,Adansi Asokwa District,District,ASHANTI REGION
42,Adzowu Kofi William,Obuasi East Municipal,Municipal,ASHANTI REGION
43,Emman Jackson Agumah,Afigya Kwabre North Municipal,Municipal,ASHANTI REGION
1,Peter Dongi,Banda District,District,BONO REGION
2,Hajia Fati Abubakar,Berekum East Municipal,Municipal,BONO REGION
3,Dominic Adomah Ameyaw,Dormaa Central Municipal,Municipal,BONO REGION
4,Osei Owusu King,Dormaa East District,District,BONO REGION
5,Stephen Azorba Awusi,Dormaa West District,District,BONO REGION
6,George Adari,Jaman North District,District,BONO REGION
7,Sista Watara,Jaman South Municipal,Municipal,BONO REGION
8,Vincent Antwi Agyei,Sunyani Municipal,Municipal,BONO REGION
9,Asante Boateng,Sunyani West Municipal,Municipal,BONO REGION
10,Salia Iddrisu,Tain District,District,BONO REGION
11,Gloria Opoku Gyamfi,Wenchi Municipal,Municipal,BONO REGION
12,Collins Asema,Berekum West District,District,BONO REGION
1,Masud Musah Ayaabe Thomas,Atebubu Amantin Municipal,Municipal,BONO EAST REGION
2,Isaac Donkor,Kintampo North Municipal,Municipal,BONO EAST REGION
3,Wilfred Zaafi,Kintampo South District,District,BONO EAST REGION
4,Godfred Degaa,Nkoranza South Municipal,Municipal,BONO EAST REGION
5,Patrick Effah,Nkoranza North District,District,BONO EAST REGION
6,Dauda Abdul Nsair,Pru East District,District,BONO EAST REGION
7,Ofommyi Fredrick K. Nrumah,Sene East District,District,BONO EAST REGION
8,Khaari Fuseini,Sene West District,District,BONO EAST REGION
9,Adjei Mensah,Techiman Municipal,Municipal,BONO EAST REGION
10,Johnnson Kwabena Adom,Techiman North District,District,BONO EAST REGION
11,Samuel Agyapong,Pru West District,District,BONO EAST REGION
1,Daniel W. Mensah,Abura Asebu Kwamankese District,District,CENTRAL REGION
2,Samuel Oscar Boakye,Agona East District,District,CENTRAL REGION
3,Eric Gyamfi Odoom,Agona West Municipal,Municipal,CENTRAL REGION
4,Andrew Kojo Dodoo,Ajumako Enyan Essiam District,District,CENTRAL REGION
5,Oliva Bentil,Asikuma Odoben Brankwa District,District,CENTRAL REGION
6,Charlotte Boakye,Assin Central (Foso) Municipal,Municipal,CENTRAL REGION
7,Jonathan Birikorang,Assin South District,District,CENTRAL REGION
8,Eghan Kalala Nyamekye,Awutu Senya West District,District,CENTRAL REGION
9,Seth Sabah Serwoorno-Banini,Awutu Senya East Municipal,Municipal,CENTRAL REGION
10,George Justice Arthur,Cape Coast Metropolitan,Metropolitan,CENTRAL REGION
11,Abraham Henry Arthur,Effutu Municipal,Municipal,CENTRAL REGION
12,Ismael Nana Asamoah,Ekumfi District,District,CENTRAL REGION
13,Hackman Kobina Aidoo,Gomoa Central District,District,CENTRAL REGION
14,Mohammed Kassim,Gomoa West District,District,CENTRAL REGION
15,Ismael Zagoon-Saeed,Komenda Edina Eguafo Abirem Municipal,Municipal,CENTRAL REGION
16,Eric Stanley Acquah,Mfantseman Municipal,Municipal,CENTRAL REGION
17,Isaac Yawson,Twifo Atti Morkwa District,District,CENTRAL REGION
18,Patrick Fiabe,Twifo Heman Lower Denkyira District,District,CENTRAL REGION
19,George Anane,Upper Denkyira East Municipal,Municipal,CENTRAL REGION
20,Isaac Nsiah,Upper Denkyira West District,District,CENTRAL REGION
21,Syvester Amakye-Nyarko,Assin North District,District,CENTRAL REGION
22,Margaret Naana Ackom,Gomoa East Metropolitan,Metropolitan,CENTRAL REGION
1,John Evans Kumordzi,Akuapem North Municipal,Municipal,EASTERN REGION
2,Paul Osae Offei,Akuapim South District,District,EASTERN REGION
3,Linda Ahenkora,Akyemansa District,District,EASTERN REGION
4,Godwin Bobobee,Asuogyaman District,District,EASTERN REGION
5,Amo John Anom,Atiwa West District,District,EASTERN REGION
6,Joshua Lartey,Ayensuano District,District,EASTERN REGION
7,Solomon Kusi Brako,Birim Central Municipal,Municipal,EASTERN REGION
8,Hakeem Antwi Abdul,Birim North District,District,EASTERN REGION
9,Taaju Rahim,Birim South District,District,EASTERN REGION
10,Umar Ahmed,Denkyembour District,District,EASTERN REGION
11,Nana Adu S. Addo Aikins,Abuakwa South Municipal,Municipal,EASTERN REGION
12,Osumanu Abubakar,Fanteakwa North District,District,EASTERN REGION
13,Emmanuel Kofi Nti,Kwaebibirem Municipal,Municipal,EASTERN REGION
14,Kate Mawusi Babanawo,Kwahu Afram Plains North District,District,EASTERN REGION
15,Moses Tangmee,Kwahu Afram Plains South District,District,EASTERN REGION
16,Samuel Asamoah,Kwahu East District,District,EASTERN REGION
17,Effah Osei Bonsu David,Kwahu South District,District,EASTERN REGION
18,Tamimu Halidu,Kwahu West Municipal,Municipal,EASTERN REGION
19,John Martey,Lower Manya Krobo Municipal,Municipal,EASTERN REGION
20,Ransford Owusu Boakye,New Juaben South Municipal,Municipal,EASTERN REGION
21,Philibert A. Selorm Fumey,Nsawam Adoagyiri Municipal,Municipal,EASTERN REGION
22,Lydia Ohenewa Sarah,Suhum Municipal,Municipal,EASTERN REGION
23,Emmanuel Kwesi Lawer,Upper Manya Krobo District,District,EASTERN REGION
24,Rebecca Chissah,Upper West Akim District,District,EASTERN REGION
25,Paulina Akabila,West Akim Municipal,Municipal,EASTERN REGION
26,Francis Addo Akumatey,Yilo Krobo Municipal,Municipal,EASTERN REGION
27,Eric William Ayettey,Okere District,District,EASTERN REGION
28,Ernest Owusu Ntim,Atiwa East District,District,EASTERN REGION
29,Mercy Korang,Fanteakwa South District,District,EASTERN REGION
30,Eric Ahinakwa,Asene Manso Akroso District,District,EASTERN REGION
31,Charles Darko Yeboah,Abuakwa North Municipal,Municipal,EASTERN REGION
32,Samuel Adongo,New Juaben North Municipal,Municipal,EASTERN REGION
33,Samuel Owusu Brako,Achiase District,District,EASTERN REGION
1,Michael Kpakpo Allotey,Accra Metropolitan,Metropolitan,GREATER ACCRA REGION
2,Jerry John F. Mills-Nkrumah,Ada West District,District,GREATER ACCRA REGION
3,Kenneth Kabu Kanor,Ada East District,District,GREATER ACCRA REGION
4,Ella Esinam Nengo,Adentan Municipal,Municipal,GREATER ACCRA REGION
5,Freeman Tsekpo,Ashaiman Municipal,Municipal,GREATER ACCRA REGION
6,Emmanuel Adotey Allotey,Ga Central Municipal,Municipal,GREATER ACCRA REGION
7,Moses Kabu Kabi Ocansey,Ga South Municipal,Municipal,GREATER ACCRA REGION
8,Edmund Agboh,Ga East Municipal,Municipal,GREATER ACCRA REGION
9,John Desmond Sowah Nai,Ga West Municipal,Municipal,GREATER ACCRA REGION
10,Alfreddos Nii Anyetei,La Dade Kotopon Municipal,Municipal,GREATER ACCRA REGION
11,Isreal Adjetey Otchweemah,Ledzekuku Municipal,Municipal,GREATER ACCRA REGION
12,Ibrahim F. Falla,La Nkwantanang Madina Municipal,Municipal,GREATER ACCRA REGION
13,Raphael Uriel Nartey,Ningo Prampram District,District,GREATER ACCRA REGION
14,Ignatius Godfred Doredoe,Shai Osudoku District,District,GREATER ACCRA REGION
15,Ebi Bright,Tema Metropolitan,Metropolitan,GREATER ACCRA REGION
16,Samuel T. Kwarshie Morton,Kpone Katamanso Municipal,Municipal,GREATER ACCRA REGION
17,Christian Tetteh Badger,Okaikwei North Municipal,Municipal,GREATER ACCRA REGION
18,Adamu Mussah Kalamu,Ablekuma North Municipal,Municipal,GREATER ACCRA REGION
19,George Kpakpo Allotey,Ablekuma West Municipal,Municipal,GREATER ACCRA REGION
20,Abdul Ganiyu Ibrahim,Ayawaso East Municipal,Municipal,GREATER ACCRA REGION
21,Haruna Mohammed Awal,Ayawaso North Municipal,Municipal,GREATER ACCRA REGION
22,Michael Mensah,Ayawaso West Municipal,Municipal,GREATER ACCRA REGION
23,Akwetey Agbo,Ga North Municipal,Municipal,GREATER ACCRA REGION
24,Felix Odartey Lamptey,Weija Gbawe Municipal,Municipal,GREATER ACCRA REGION
25,Ludwig Teye Totimen,Tema West Municipal,Municipal,GREATER ACCRA REGION
26,Paul Afotey Quaye,Krowor Municipal,Municipal,GREATER ACCRA REGION
27,Alfred Gaisie,Korle Klottey Municipal,Municipal,GREATER ACCRA REGION
28,Frank Nkansah,Ablekuma Central Municipal,Municipal,GREATER ACCRA REGION
29,Rudolph Collingwoode-Williams,Ayawaso Central Municipal,Municipal,GREATER ACCRA REGION
1,Ali Joseph Latifiri,Bunkpurugu Nyankpanduri District,District,NORTH EAST REGION
2,Seiri Amadu Kodi,Chereponi District,District,NORTH EAST REGION
3,Daniel Barichi Bukari,East Mamprusi Municipal,Municipal,NORTH EAST REGION
4,Abdul Rahman Abdul-Aziz,Mamprugu Moagduri District,District,NORTH EAST REGION
5,Mohammed Rabiu Jabaa,West Mamprusi Municipal,Municipal,NORTH EAST REGION
6,James Alhassan,Yunyoo-Nasuan District,District,NORTH EAST REGION
1,Abdul-Hafiz Adam,Gushegu Municipal,Municipal,NORTHERN REGION
2,Iddrisu Yakubu Desana,Karaga District,District,NORTHERN REGION
3,Nyong Sapaku Robert,Kpandai District,District,NORTHERN REGION
4,Imoro Yakubu Kakpagu,Kumbungu District,District,NORTHERN REGION
5,Azindow Hamzah Moabalyn,Mion District,District,NORTHERN REGION
6,Abdul-Samed Hamza,Nanumba North Municipal,Municipal,NORTHERN REGION
7,Musah Abdul Rashid,Nanumba South District,District,NORTHERN REGION
8,George Wumbei Billimor,Saboba District,District,NORTHERN REGION
9,Abduali Imoro Gong,Sagnarigu Municipal,Municipal,NORTHERN REGION
10,Alhassan Fuseini,Savelugu Municipal,Municipal,NORTHERN REGION
11,Adam Abubakar Takoro,Tamale Metropolitan,Metropolitan,NORTHERN REGION
12,(Nominee Pending),Tatale/Sanguli District,District,NORTHERN REGION
13,Seidu Brimah,Tolon District,District,NORTHERN REGION
14,Sugri Muniru,Yendi Municipal,Municipal,NORTHERN REGION
15,George Lakob Tanei,Zabzugu District,District,NORTHERN REGION
16,Rosina Z. Abdul-Rahman,Nanton District,District,NORTHERN REGION
1,Eric Kwaku Oppong,Biakoye District,District,OTI REGION
2,Parker-Davis Magyigbe,Jasikan District,District,OTI REGION
3,Dr. Samuel Suraj Oppong,Kadjebi District,District,OTI REGION
4,Safo Nketia,Krachi East Municipal,Municipal,OTI REGION
5,Kofi Martin Anato,Krachi Nchumuru District,District,OTI REGION
6,Prosper Kwaku Addo,Krachi West District,District,OTI REGION
7,Isaiah Kudjo Dordoe,Nkwanta North District,District,OTI REGION
8,Godfred Koku Koffie,Guan District,District,OTI REGION
9,Joseph Antwi,Nkwanta South Municipal,Municipal,OTI REGION
1,Abdul Mahmud,Bole District,District,SAVANNAH REGION
2,Mahama Fuseini,Central Gonja District,District,SAVANNAH REGION
3,David Rabiu Kassim,East Gonja Municipal,Municipal,SAVANNAH REGION
4,Abdulai Nashiru,North Gonja District,District,SAVANNAH REGION
5,Saala Srikina,Sawla-Tuna-Kalba District,District,SAVANNAH REGION
6,Yakubu Yussif Castro,West Gonja Municipal,Municipal,SAVANNAH REGION
7,Abdul E. Mumin,North East Gonja District,District,SAVANNAH REGION
1,Issac Azunaba,Bawku Municipal,Municipal,UPPER EAST REGION
2,James Ayamwego,Bawku West District,District,UPPER EAST REGION
3,Ariku Martin Akudugu,Binduri District,District,UPPER EAST REGION
4,Roland Atanga Ayoo,Bolgatanga Municipal,Municipal,UPPER EAST REGION
5,Akaseke Joseph Abaa,Bongo District,District,UPPER EAST REGION
6,Akogti Solomon Ansoabayie,Builsa North Municipal,Municipal,UPPER EAST REGION
7,Anne Musah,Builsa South District,District,UPPER EAST REGION
8,Abaare Akugba John,Garu District,District,UPPER EAST REGION
9,Faustina Akeyom Abulu,Kassena Nankana Municipal,Municipal,UPPER EAST REGION
10,Stephen Aeke Akurigo,Kassena Nankana West District,District,UPPER EAST REGION
11,Francis Tobig Yemwoma,Nabdam District,District,UPPER EAST REGION
12,Aguri Haruna Abdul Rahim,Pusiga District,District,UPPER EAST REGION
13,John M. Naabwomya,Talensi District,District,UPPER EAST REGION
14,Jocob Abugri Aka-Eri,Bolgatanga East District,District,UPPER EAST REGION
15,Mbilla Joseph Ayaaba,Tempane District,District,UPPER EAST REGION
1,James Wior,Daffiama Bussie Issa District,District,UPPER WEST REGION
2,Peter N.N To-Ang,Jirapa Municipal,Municipal,UPPER WEST REGION
3,Naawulie Ireneous Basingbie,Lambussie Karni District,District,UPPER WEST REGION
4,Alhaji Adams Muazu,Lawra Municipal,Municipal,UPPER WEST REGION
5,Mary Haruna,Nadowli Kaleo District,District,UPPER WEST REGION
6,Anthony Ziniel,Nandom Municipal,Municipal,UPPER WEST REGION
7,Adama Yakubu,Sissala East Municipal,Municipal,UPPER WEST REGION
8,Abudu Fuseini,Sissala West District,District,UPPER WEST REGION
9,Adamu Sayibu,Wa East District,District,UPPER WEST REGION
10,Alhaji Nuru Issah Danwana,Wa Municipal,Municipal,UPPER WEST REGION
11,Richard Wulo,Wa West District,District,UPPER WEST REGION
1,Jerry Yaw Ameko,Adaklu District,District,VOLTA REGION
2,Manfred Tawiah,Afadzato South District,District,VOLTA REGION
3,Odikro Alfred Eklu,Agotime Ziope District,District,VOLTA REGION
4,Bless Kodjo Katamani,Akatsi North District,District,VOLTA REGION
5,Daniel Dgba,Akatsi South Municipal,Municipal,VOLTA REGION
6,Addison Dodzi Mornyuie,Central Tongu District,District,VOLTA REGION
7,Stephen Godsway Brondy Adom,Ho Municipal,Municipal,VOLTA REGION
8,Profer Francis Dusey,Ho West District,District,VOLTA REGION
9,Prosper Kumi,Hohoe Municipal,Municipal,VOLTA REGION
10,Wisdom Bondieu Seade,Keta Municipal,Municipal,VOLTA REGION
11,Amenaki Martin Prince Korbla,Ketu North Municipal,Municipal,VOLTA REGION
12,Nicholas Kwabla Worclachie,Ketu South Municipal,Municipal,VOLTA REGION
13,Killian Donkor,Kpando Municipal,Municipal,VOLTA REGION
14,Adevor Ernest,North Dayi District,District,VOLTA REGION
15,Victoria Amefadzi Yawa Doe,North Tongu District,District,VOLTA REGION
16,Courage Kwame Kokroko,South Dayi District,District,VOLTA REGION
17,Victoria Dzeklo,South Tongu District,District,VOLTA REGION
18,Sandra Seyram Kpedor,Anloga District,District,VOLTA REGION
1,Ebenzer Aidoo,Ahanta West Municipal,Municipal,WESTERN REGION
2,Peter Amposah,Amenfi Central District,District,WESTERN REGION
3,Raymond Nana Ebbah,Wassa Amenfi East Municipal,Municipal,WESTERN REGION
4,Priscilla Yorke,Amenfi West Municipal,Municipal,WESTERN REGION
5,Joseph Agyekum,Ellembelle District,District,WESTERN REGION
6,Benedicta Boadi,Jomoro Municipal,Municipal,WESTERN REGION
7,Sophia Aubynn,Mpohor District,District,WESTERN REGION
8,Herbet Kuah Didson,Nzema East Municipal,Municipal,WESTERN REGION
9,Mathew Kofi Ayeh,Prestea-Huni Valley Municipal,Municipal,WESTERN REGION
10,Frederick Fautinus Faidoo,Sekondi Takoradi Metropolitan,Metropolitan,WESTERN REGION
11,Paul Otis Dentu,Shama District,District,WESTERN REGION
12,Ebenzer Cobbinah,Tarkwa Nsuaem Municipal,Municipal,WESTERN REGION
13,Ahassan Ibrahim,Wassa East District,District,WESTERN REGION
14,Abdul Majeed Dokurugu,Effia Kwesimintsim Municipal,Municipal,WESTERN REGION
1,Stephen Morber,Aowin Municipal,Municipal,WESTERN NORTH REGION
2,Francis Amankwaa,Bia East District,District,WESTERN NORTH REGION
3,Mathew Annor,Bia West District,District,WESTERN NORTH REGION
4,Sebestian Obeng,Bibiani-Anhwiaso Bekwai Municipal,Municipal,WESTERN NORTH REGION
5,Stephen Baidoo,Bodi District,District,WESTERN NORTH REGION
6,Alexander Adu Quist,Juaboso District,District,WESTERN NORTH REGION
7,Joseph Appiah,Sefwi Akontombra District,District,WESTERN NORTH REGION
8,Dominic Arhin,Sefwi Wiawso Municipal,Municipal,WESTERN NORTH REGION
9,Vascu Obour,Suaman District,District,WESTERN NORTH REGION
